<?xml version="1.0" encoding="UTF-8"?>
<metadata xml:lang="zh"><Esri><CreaDate>20211124</CreaDate><CreaTime>12563900</CreaTime><ArcGISFormat>1.0</ArcGISFormat><SyncOnce>TRUE</SyncOnce><DataProperties><lineage><Process ToolSource="c:\program files (x86)\arcgis\desktop10.8\ArcToolbox\Toolboxes\Spatial Analyst Tools.tbx\ExtractByMask" Date="20211124" Time="125639">ExtractByMask "2018 .tif" 上海市 C:\Users\liu\Desktop\上海市历史土地\2018.tif</Process></lineage></DataProperties></Esri></metadata>
